name,metropolitan,city,district,detailedAddress
고도식,서울특별시,송파구,송파동,55-7
돝고기506,서울특별시,강남구,역삼동,739-13
몽탄,서울,용산구,한강로1가,251-1
삼육가,서울특별시,서초구,방배동,450-16
육전식당,서울특별시,강남구,역삼동,823-10
금돼지식당,서울특별시,중구,신당동,370-69
땅코 참숯구이 본점,서울특별시,성동구,행당동,292-34
해몽,서울특별시,서초구,서초동,1302-45
다몽집 신논현본점,서울특별시,강남구,역삼동,619-5
금고깃집 마곡본점,서울특별시,강서구,마곡동,772-8
강고집 사당본점,서울특별시,서초구,방배동,451-7
남영돈,서울특별시,용산구,남영동,52-2
부일갈매기,서울특별시,송파구,잠실동,242-22
땅코참숯구이 노원점,서울특별시,노원구,상계동,348-4
대원집,서울시,중구,다동,124-2
승남집,서울특별시,영등포구,영등포동3가,21-3
봉우이층집,서울특별시,강남구,역삼동,619-14
꿉당 성수점,서울특별시,성동구,성수동2가,273-24
은주정,서울특별시,중구,주교동,43-23
시집 그릴하우스,서울특별시,강동구,성내동,42-12
당산오돌 본점,서울특별시,영등포구,당산동4가,1-145
김돈이,서울시,강남구,삼성동,140-29
강남 돼지상회 무한리필,서울특별시,강남구,역삼동,619-28
미나리우리삼겹,서울특별시,영등포구,당산동3가,163
도마 홍대본점,서울특별시,마포구,서교동,357-3
신천돼지,서울시,송파구,잠실동,201-7
맛찬들왕소금구이 종로점,서울특별시,종로구,관철동,32-2
육전식당 본점,서울특별시,동대문구,신설동,104-3
감격시대,서울특별시,서초구,서초동,1579-4
한강껍데기,서울특별시,마포구,망원동,416-33
다독이네 숯불구이,서울특별시,동작구,노량진동,40-34
행진,서울특별시,마포구,합정동,427-8
장서는날,서울시,강남구,역삼동,827-68
꿉당,서울특별시,서초구,잠원동,12-21
일월고기,서울특별시,송파구,방이동,68-10
동적불고기깡통구이 쌍문 본점,서울특별시,도봉구,쌍문동,100-35
땅코참숯구이,서울특별시,강남구,역삼동,835
홀짝집,서울특별시,송파구,잠실동,193-4
고고기,서울특별시,광진구,구의동,212-3
팔각도,서울특별시,양천구,목동,406-227
잠수교집,서울특별시,용산구,용산동2가,39-17
조연탄,서울특별시,강서구,화곡동,782-12
마부자생삼겹살,서울특별시,강서구,마곡동,760
일미락,서울특별시,양천구,목동,406-126
대련집,서울특별시,종로구,관수동,163
애성회관 한우곰탕,서울특별시,중구,북창동,93-36
동원집,서울특별시,중구,초동,158-14
대한옥,서울특별시,영등포구,영등포동2가,221-1
청진옥,서울특별시,종로구,청진동,183-1
송죽장,서울특별시,영등포구,영등포동4가,98-12
사랑방칼국수,서울특별시,중구,충무로3가,23-1
오죽이네,서울특별시,종로구,익선동,156
영춘옥,서울특별시,종로구,돈의동,131-1
부일갈비,서울특별시,영등포구,영등포동3가,23-11
미성옥,서울특별시,중구,명동1가,54-5
황평집닭곰탕,서울시,중구,인현동2가,135-13
부민옥,서울특별시,중구,다동,177-2
할머니포장마차,서울특별시,송파구,방이동,49-5
백제정육점,서울시,종로구,효제동,155
닭진미강원집,서울특별시,중구,남창동,34-139
계림,서울특별시,종로구,종로3가,167
평양집,서울특별시,용산구,한강로1가,137-1
홍릉각,서울특별시,동대문구,제기동,838
소문난식당,서울특별시,영등포구,문래동4가,8-30
꺼거,서울특별시,용산구,한강로2가,100-3
산수갑산,서울특별시,중구,인현동1가,15-4
유진식당,서울특별시,종로구,낙원동,221
은성감자탕,서울특별시,영등포구,당산동3가,173
서울식품,서울특별시,종로구,관수동,102-2
뱃고동 본점,서울시,강남구,신사동,663
오고또포차,서울특별시,종로구,관철동,35-3
인천집,서울시,중구,다동,60
중림장설렁탕,서울특별시,중구,중림동,468
호반,서울특별시,종로구,낙원동,85-7
합천돼지국밥,서울특별시,종로구,낙원동,290-1
광화문집,서울특별시,종로구,당주동,43
안동장,서울특별시,중구,을지로3가,315-18
박순례 손말이고기 산정집,서울특별시,종로구,당주동,3-2
덕수정,서울,중구,정동,11-5
서촌계단집,서울특별시,종로구,내자동,11-1
충무로쭈꾸미불고기 충무로본점,서울특별시,중구,필동1가,3-20
대성집,서울특별시,종로구,행촌동,209-35
한성,서울특별시,중구,서소문동,52-7
대성반점,서울특별시,강동구,천호동,312-15
경복식당,서울특별시,노원구,공릉동,740
굴다리식당 마포본점,서울특별시,마포구,도화동,181-45
송화산시도삭면 2호점,서울특별시,광진구,자양동,6-63
팀호완,서울특별시,강남구,삼성동,148-15
미엔아이,서울특별시,송파구,송파동,55
란주칼면,서울특별시,중구,충무로1가,25-9
대가방 본점,서울특별시,강남구,논현동,278-4
맛이차이나,서울특별시,마포구,상수동,321-1
소친친,서울특별시,종로구,명륜4가,62
연교,서울특별시,마포구,연남동,383-95
산동교자,서울시,마포구,도화동,327-1
호우섬,서울특별시,영등포구,여의도동,22
우육면관 광화문점,서울특별시,종로구,청진동,39
진진,서울특별시,마포구,서교동,375-35
팀호완 용산점,서울특별시,용산구,한강로3가,40-999
쮸즈,서울특별시,강남구,신사동,540-4
야상해,서울특별시,용산구,이태원동,119-16
포담,서울특별시,종로구,적선동,25
차알,서울특별시,서초구,반포동,118-3
자리,서울특별시,용산구,한남동,682-22
연길양꼬치,서울특별시,중구,남창동,168-13
송화산시도삭면 본점,서울,광진구,자양동,851-20
복성각,서울특별시,마포구,도화동,173
딘타이펑 강남역점,서울특별시,서초구,서초동,1317-31
중화복춘,서울특별시,마포구,동교동,152-11
시옹마오,서울특별시,성동구,성수동2가,316-1
몽중헌 안국점,서울시,종로구,화동,117
팔레드 신,서울특별시,중구,회현동1가,210
청화원,서울시,서대문구,창천동,18-1
유유안,서울특별시,종로구,당주동,30
초선과여포,서울특별시,서초구,서초동,1330-16
아리차이,서울특별시,관악구,신림동,1430-11
매란방,서울특별시,성동구,행당동,168-151
마마수제만두,서울특별시,은평구,신사동,336-3
올드상해,서울특별시,마포구,도화동,26-3
딘타이펑 명동중앙점,서울특별시,중구,명동1가,59-1
정육면체,서울특별시,서대문구,창천동,62-18
덕후선생 광화문디타워점,서울특별시,종로구,청진동,246
목란,서울특별시,서대문구,연희동,132-28
만두란,서울특별시,마포구,망원동,386-5
도삭면공방,서울특별시,송파구,잠실동,195-10
외래향,서울특별시,관악구,봉천동,874-4
홍명,서울특별시,강남구,논현동,37-9
서울홍성원,서울,강서구,마곡동,800
진만두,서울특별시,마포구,서교동,327-22
스미스가좋아하는한옥,서울특별시,종로구,사간동,62-1
온량,서울특별시,성동구,성수동1가,668-54
리틀넥 청담,서울특별시,강남구,신사동,653-7
요멘야 고에몬,서울특별시,서초구,서초동,1317-13
핏제리아오 본점,서울특별시,종로구,동숭동,31-37
윤씨밀방,서울특별시,마포구,서교동,411-6
치즈룸 X 테이스팅룸 월드타워,서울특별시,송파구,신천동,29
엘리스 리틀 이태리,서울특별시,송파구,송파동,8
봄의정원 성수점,서울특별시,성동구,성수동2가,271-24
디 라이프스타일 키친 광화문점,서울,중구,태평로1가,84
두오모,서울시,종로구,효자동,40-2
젠틀한식탁 목동본점,서울특별시,양천구,목동,405-201
누메로도스,서울특별시,성동구,성수동1가,656-1021
을지다락,서울특별시,중구,초동,156-9
윤공,서울특별시,동작구,사당동,1032-45
문화식당,서울특별시,성북구,동선동2가,150
바비레드 강남본점,서울특별시,강남구,역삼동,618-18
세상의모든아침,서울특별시,영등포구,여의도동,28-1
필동함박 본점,서울특별시,중구,필동2가,28-14
멜팅샵 X 치즈룸 광화문디타워점,서울특별시,종로구,청진동,246
풀팬,서울특별시,강동구,천호동,427-3
오스테리아 오르조,서울특별시,용산구,한남동,31-13
쥬벤쿠바,서울특별시,관악구,봉천동,1621-17
브뤼서리 서교,서울특별시,마포구,서교동,476-44
라구식당,서울특별시,서대문구,창천동,2-44
로니로티,서울특별시,광진구,화양동,7-44
로마옥,서울특별시,강남구,도곡동,948-13
차만다 서울숲점,서울시,성동구,성수동1가,685-480
몰토베네,서울특별시,마포구,합정동,361-20
겁없는토끼부엌,서울특별시,서초구,방배동,474-19
후추포인트,서울특별시,강남구,역삼동,812-3
프리모 바치오바치 홍대본점,서울특별시,마포구,서교동,346-47
반주,서울특별시,종로구,익선동,166-21
더테이블키친,서울특별시,용산구,한남동,736-11
이태리총각,서울특별시,종로구,통인동,137-7
빠넬로,서울특별시,마포구,서교동,400-22
마초쉐프 강남역점,서울특별시,강남구,역삼동,616-14
서울부띠끄,서울특별시,중구,만리동1가,62-1
마리오네,서울,성동구,성수동2가,269-107
을지다락 여의도,서울특별시,영등포구,여의도동,35-3
라비드 쿤,서울특별시,서초구,양재동,249-13
도우룸,서울특별시,서초구,방배동,797-20
리에또,서울특별시,서초구,방배동,451-36
사당광안리,서울시,동작구,사당동,1031-37
야마야,서울특별시,영등포구,여의도동,23-3
영덕회식당,서울,중구,무교동,1
창고43 강남점,서울특별시,강남구,역삼동,826-20
청송 산오징어,서울시,관악구,남현동,1065-1
뽕나무쟁이 선릉본점,서울특별시,강남구,대치동,896-5
소나무,서울특별시,성동구,행당동,292-7
더미,서울특별시,종로구,종로1가,24
백송,서울,중구,신당동,248-32
창고43 본점1관,서울특별시,영등포구,여의도동,36-2
구스아일랜드 브루하우스,서울특별시,강남구,역삼동,833
신동궁 감자탕 선릉직영점,서울특별시,강남구,대치동,890-44
한우마당 구로점,서울특별시,관악구,신림동,1655-19
고메램,서울특별시,강남구,삼성동,155-13
호시쿠즈,서울특별시,마포구,염리동,168-9
천지명,서울특별시,영등포구,여의도동,15-24
백부장집 닭한마리,서울특별시,종로구,공평동,129
진가와,서울특별시,중구,수하동,66
한림돈가 본점,서울특별시,서대문구,창천동,52-124
부산갈매기,서울시,마포구,도화동,194-18
화포식당,서울시,송파구,가락동,97-8
한라담 무교점,서울특별시,중구,무교동,45
대치정육식당,서울특별시,강남구,대치동,911-8
리북집,서울특별시,강남구,논현동,163-4
삼해집 종로점,서울특별시,종로구,관수동,42
이나니와 요스케 시청점,서울특별시,중구,을지로1가,192-11
백년불고기물갈비 가산점,서울특별시,금천구,가산동,371-37
백운봉 막국수,경기도,하남시,풍산동,595-1
한추,서울특별시,강남구,신사동,549-9
백화네부엌,서울특별시,서초구,양재동,7-2
이대성의 진면목,서울특별시,강남구,삼성동,153-64
춘천옥,서울특별시,금천구,가산동,140-38
장정 정,서울특별시,강남구,대치동,897-18
하카타나카,서울특별시,마포구,서교동,346-36
호호식당 대학로,서울특별시,종로구,명륜4가,143
정돈 강남점,서울특별시,강남구,역삼동,601-29
단디,서울특별시,송파구,송파동,45-5
망원동 즉석우동 본점,서울특별시,마포구,망원동,386-4
텐동 요츠야,서울특별시,관악구,봉천동,1612-40
후라토,서울특별시,종로구,당주동,5
카츠 바이 콘반,서울특별시,강남구,신사동,647-22
우동명가 기리야마 본진,서울특별시,강남구,역삼동,824-11
우동 카덴,서울특별시,마포구,서교동,391-5
안즈 을지로점,서울특별시,중구,수하동,66
스즈란테이,서울특별시,용산구,이촌동,301-10
온천집,서울시,종로구,익선동,128-3
훈감동,서울특별시,동작구,사당동,1019-19
이치젠,서울특별시,마포구,망원동,415-31
진작,서울시,중구,저동2가,46-27
나이스샤워,서울특별시,강남구,역삼동,828-21
마리모,서울특별시,광진구,군자동,49-26
미미면가 2호점,서울시,강남구,신사동,512-21
킷사서울,서울특별시,관악구,봉천동,1603-3
부타이,서울,강남구,대치동,956-6
고쿠텐 홍대점,서울특별시,마포구,동교동,201-41
토도로끼,서울특별시,송파구,신천동,7-14
온미동,서울특별시,마포구,동교동,197-40
경성모밀,서울특별시,동작구,사당동,88-18
안녕식당,서울특별시,강동구,천호동,409-34
카와카츠,서울특별시,마포구,서교동,465-1
크레이지카츠,서울특별시,마포구,합정동,391-5
미우야,서울특별시,서초구,양재동,116-5
우동가조쿠 성수점,서울시,성동구,성수동2가,301-53
부타이 제2막,서울시,중구,을지로3가,296-26
압구정 하루,서울시,강남구,신사동,663-9
호호식당 파미에스테이션점,서울특별시,서초구,반포동,118-3
소바연구소,서울특별시,서대문구,창천동,5-30
오제제,서울특별시,중구,태평로1가,84
호호식당 익선,서울특별시,종로구,돈의동,170
호호식당,서울시,성동구,성수동1가,668-22
타코몽,서울특별시,서대문구,창천동,112-14
가츠오,서울특별시,서초구,서초동,1658-17
소바쿠,서울특별시,광진구,능동,256-4
우마이도 건대점,서울특별시,광진구,화양동,3-29
유즈라멘,서울특별시,중구,만리동1가,53-8
광화문국밥,서울특별시,중구,정동,1-48
스폰티니,서울,강남구,역삼동,814-5
후니도니,서울특별시,종로구,청진동,146
칸다소바 경복궁점,서울특별시,종로구,체부동,28-2
털보고된이 본점,서울시,노원구,상계동,332-3
초라멘,서울특별시,광진구,화양동,16-28
담택,서울특별시,마포구,서교동,381-22
멘야산다이메,서울시,종로구,명륜4가,147-1
유림면,서울특별시,중구,서소문동,16
봉밀가 강남구청점,서울특별시,강남구,삼성동,8-1
기요한,서울특별시,마포구,서교동,480-6
비스트로주라,서울특별시,마포구,서교동,342-16
윤휘식당,서울특별시,성북구,동선동2가,135-21
멘텐,서울특별시,중구,충무로2가,12-3
미분당,서울특별시,광진구,화양동,12-42
농민백암순대 시청직영점,서울특별시,중구,북창동,19-4
제순식당 성신여대점,서울특별시,성북구,동선동1가,85-59
호 파스타,서울시,광진구,화양동,12-52
유닭스토리 닭한마리 신촌점,서울특별시,서대문구,창천동,18-72
구복,서울특별시,서대문구,창천동,13-49
쿄 라멘,서울특별시,마포구,연남동,385-4
마시타야,서울특별시,마포구,서교동,333-16
오레노라멘 잠실,서울특별시,송파구,송파동,42-6
오레노라멘 강남점,서울특별시,강남구,역삼동,817-30
차알 롯데월드몰점,서울특별시,송파구,신천동,29
무라 1호점,서울특별시,마포구,서교동,411-12
이여곰탕 본점,서울특별시,서초구,서초동,1555-9
우동가게,서울특별시,영등포구,당산동4가,31-2
소년식당,서울특별시,마포구,서교동,333-11
라멘트럭 상수본점,서울특별시,마포구,상수동,324-10
스시소라,서울특별시,종로구,청진동,146
바이킹스워프,서울특별시,송파구,신천동,29
양인환대,서울특별시,강남구,도곡동,954-16
정식당,서울특별시,강남구,청담동,83-24
양인환대극진,서울특별시,용산구,한강로2가,143-1
텍사스 데 브라질,서울특별시,서초구,반포동,118-3
스시 조,서울특별시,중구,소공동,87-1
야키토리 묵,서울특별시,마포구,연남동,223-102
김수사,서울특별시,강남구,논현동,4-19
청기와타운 영등포본점,서울특별시,영등포구,영등포동3가,24-2
울프강 스테이크하우스,서울특별시,강남구,청담동,89-6
이요이요스시 공덕1호점,서울특별시,마포구,공덕동,469
붓처스컷 삼성점,서울특별시,강남구,삼성동,158-10
탄포포,서울특별시,송파구,잠실동,207-11
고깃집열,서울특별시,서초구,서초동,1330-14
운봉산장,서울특별시,동작구,노량진동,309-18
문화포차,서울특별시,영등포구,당산동3가,85-1
길목,서울특별시,강남구,삼성동,58-6
콘래드서울 37그릴앤바,서울특별시,영등포구,여의도동,23
경천애인2237,서울특별시,영등포구,여의도동,45-1
라 세느 잠실점,서울특별시,송파구,잠실동,40-1
우직서울 목동본점,서울,양천구,목동,497-12
보물섬,서울시,강남구,논현동,181-5
경천애인2237,서울특별시,강남구,삼성동,142-46
디라이프스타일키친 잠실점,서울특별시,송파구,신천동,29
플레이버타운,서울특별시,성동구,성수동1가,668-68
쌤쌤쌤,서울특별시,용산구,한강로2가,47-3
라세느 명동점,서울특별시,중구,소공동,1
쿠마카세,서울특별시,양천구,목동,406-76
또순이네,서울특별시,영등포구,양평동4가,81
육회자매집,서울특별시,종로구,종로4가,177
대도식당 왕십리본점,서울시,성동구,홍익동,431
한암동 여의도점,서울특별시,영등포구,여의도동,23-8
참숯골,서울특별시,중구,무교동,19
차돌소풍,서울특별시,서초구,서초동,1341-9
한암동 정동점,서울특별시,중구,정동,15-5
촌놈,서울특별시,종로구,동숭동,1-47
창고43,서울특별시,강남구,대치동,946-1
사마르칸트 본점,서울시,중구,광희동1가,162
논고을 사당점,서울특별시,동작구,사당동,1039-14
백제원 등촌점,서울특별시,강서구,등촌동,661-12
원조숯불소금구이,서울특별시,광진구,화양동,20-25
쇠고집,서울특별시,종로구,인사동,141-2
더미 을지로점,서울특별시,중구,수하동,66
배꼽집,서울특별시,강남구,논현동,140-3
버드나무집,서울특별시,서초구,서초동,1340-5
황소갈비,서울특별시,영등포구,여의도동,35-5
진대감,서울특별시,마포구,공덕동,249-62
금자네생등심,서울특별시,중구,남대문로5가,63-7
풍년집,서울특별시,강남구,역삼동,792-2
배꼽집,서울특별시,마포구,상암동,1597
외양간,서울,동작구,사당동,1018-38
칠백식당 신논현직영점,서울특별시,서초구,반포동,747-12
혜장국,서울특별시,서초구,서초동,1302-50
함반,서울특별시,마포구,합정동,393-11
부촌육회 별관,서울특별시,종로구,종로4가,176-1
문래옥,서울시,영등포구,문래동6가,29-1
성북동청국장,서울특별시,강남구,삼성동,160-20
차돌집 방화점,서울특별시,강서구,방화동,611-35
도마,서울특별시,종로구,관훈동,15-1
할머니의 레시피,서울특별시,성동구,성수동1가,668-108
옥동식,서울특별시,마포구,서교동,385-6
뱅뱅 막국수 뱅뱅사거리점,서울특별시,강남구,도곡동,943-2
무월식탁,서울특별시,강남구,역삼동,812-15
오통영 이촌점,서울특별시,용산구,이촌동,301-263
평래옥,서울특별시,중구,저동2가,18-1
쵸리상경,서울특별시,성동구,성수동1가,668-79
수운,서울,종로구,공평동,17
소녀방앗간,서울특별시,성동구,성수동1가,668-35
쉼표말랑,서울특별시,영등포구,문래동3가,58-45
버섯집,서울특별시,성동구,성수동1가,668-34
고냉지,서울특별시,서대문구,대현동,110-15
우아하게,서울특별시,마포구,동교동,201-53
파르크,서울특별시,용산구,한남동,743-1
풀뜯는돼지,서울특별시,마포구,연남동,260-46
조금,서울특별시,종로구,관훈동,123-4
함루,서울,마포구,공덕동,478
시오,서울특별시,서대문구,연희동,190-4
회현식당,서울특별시,중구,남창동,205-72
정숙성,서울특별시,관악구,봉천동,1603-3
동신명가,서울특별시,서초구,서초동,1551-5
한일관 압구정점,서울특별시,강남구,신사동,619-4
무월식탁 파미에스테이션점,서울특별시,서초구,반포동,118-3
가미우동 서교점,서울시,마포구,서교동,346-31
만석장 롯데월드몰점,서울시,송파구,신천동,29
소녀방앗간 서울고속터미널점,서울,서초구,반포동,19-4
도도야,서울특별시,종로구,동숭동,1-153
들풀 한상,서울특별시,마포구,서교동,351-16
한우리 센트럴시티점,서울특별시,서초구,반포동,118-3
진영면옥,서울,금천구,독산동,162-10
순보보,서울특별시,관악구,봉천동,1626-29
달고나,서울특별시,마포구,망원동,428-42
유가츠,서울특별시,성동구,성수동1가,668-89
히노키공방,서울특별시,마포구,노고산동,56-18
세상끝의 라멘,서울특별시,마포구,서교동,391-18
별미볶음점,서울특별시,영등포구,여의도동,36-2
황소고집,서울특별시,종로구,관철동,11-11
예향정 마곡점,서울특별시,강서구,마곡동,760-1
수정식당,서울특별시,종로구,관수동,3-6
광주식당,서울특별시,동대문구,청량리동,772
팔백집,서울특별시,성북구,동선동2가,172
일미식당,서울특별시,종로구,낙원동,288
고향집,서울특별시,강남구,논현동,114-27
명인밥상,서울특별시,송파구,가락동,124-4
송정식당,서울특별시,종로구,종로5가,443
예향정,서울특별시,노원구,상계동,735-4
논두렁 우렁쌈밥 본점,서울특별시,송파구,잠실동,251-9
대독장,서울특별시,강남구,역삼동,670-21
섬집,서울특별시,용산구,한강로3가,65-336
할머니가 차려주는 밥상,서울특별시,강서구,내발산동,646-1
고운님 포스코사거리점,서울특별시,강남구,대치동,894-5
고흥만,서울특별시,성동구,성수동1가,72-15
난포,서울특별시,성동구,성수동1가,668-79
옛집,서울특별시,광진구,광장동,326-9
어울림,서울특별시,광진구,광장동,393-21
공일부엌,서울특별시,중구,만리동1가,62-27
혜화도담,서울특별시,종로구,명륜4가,48-2
감나무집 기사식당,서울특별시,마포구,연남동,515-19
장어구이 본점,서울특별시,성동구,행당동,19-54
북촌도담,서울특별시,종로구,안국동,133
진미식당,서울특별시,영등포구,당산동4가,36-2
24시 서울밥집,서울특별시,관악구,신림동,1639-57
청국장서갈비,서울특별시,강남구,대치동,897-3
웰빙김치찜,서울특별시,마포구,공덕동,256-5
너도나도식당,서울시,영등포구,양평동5가,57-1
바토스 이태원점,서울특별시,용산구,이태원동,181-8
오이지,서울,종로구,명륜4가,142
르 블란서,서울특별시,종로구,익선동,170-1
메종 루블랑,서울특별시,용산구,한강로3가,40-159
깔리,서울특별시,종로구,명륜4가,171
갓덴스시 종로점,서울시,종로구,관철동,19-1
갓잇 용산점,서울특별시,용산구,한강로2가,114-3
합정 광안리,서울특별시,마포구,서교동,396-44
옥소반 마곡본점,서울특별시,강서구,마곡동,772-5
치즈룸,서울특별시,강남구,신사동,603
투파인드피터 노원점,서울특별시,노원구,상계동,591-7
차알 여의도 IFC몰점,서울특별시,영등포구,여의도동,23
라페름,서울특별시,용산구,한남동,657-21
피제리아 라고,서울,송파구,송파동,9-9
멕시칸식당 베르데,서울특별시,마포구,연남동,387-13
계원,서울특별시,강북구,수유동,222-15
메호르,서울특별시,광진구,화양동,11-1
모힝,서울특별시,관악구,봉천동,1598-6
도쿄파스타,서울특별시,강서구,마곡동,794-1
부띠끄경성,서울특별시,종로구,팔판동,89
고기공방,서울특별시,종로구,명륜4가,64-5
아그라 용산아이파크몰점,서울시,용산구,한강로3가,40-999
파파야리프,서울특별시,강남구,역삼동,617-3
daughter,서울특별시,광진구,화양동,11-17
구스토랩,서울특별시,종로구,동숭동,1-63
이오로 비스트로,서울특별시,성동구,성수동2가,314-7
스케쥴 합정,서울시,마포구,서교동,394-17
치즈룸X멜팅샵 파르나스몰점,서울특별시,강남구,삼성동,159-8
와하카,경기도,하남시,풍산동,549-1
오스테리아 세콘디,서울특별시,송파구,송파동,85-13
커피한약방,서울특별시,중구,을지로2가,101-34
올드문래,서울특별시,영등포구,문래동2가,14-28
어니언 성수점,서울특별시,성동구,성수동2가,277-135
울프소셜클럽,서울특별시,용산구,한남동,795-2
독일주택,서울특별시,종로구,명륜4가,45-1
뚝도농원,서울특별시,성동구,성수동2가,302-34
동경산책 송리단길점,서울특별시,송파구,송파동,42
롤인익선,서울특별시,종로구,익선동,93
대림창고,서울특별시,성동구,성수동2가,322-32
이미커피,서울시,마포구,동교동,201-10
양키통닭 & Second Floor,서울특별시,영등포구,문래동2가,49-1
뉴질랜드스토리,서울특별시,송파구,송파동,32-1
치코,서울특별시,서초구,양재동,16-32
듀윗,서울,동작구,대방동,391-201
식물,서울특별시,종로구,익선동,166-62
바스버거,서울특별시,영등포구,여의도동,24-1
오리올,서울특별시,용산구,후암동,406-99
MTL,서울특별시,용산구,한남동,743-8
모츠커피,서울,광진구,화양동,15-20
클로리스 티룸 코엑스몰점,서울시,강남구,삼성동,159
베이커리 오월의종,서울특별시,영등포구,영등포동4가,442
빌즈,서울시,송파구,신천동,29
엘라,서울특별시,강남구,역삼동,635-5
로리스 더프라임 립,서울특별시,서초구,서초동,1317-23
폴리스 광화문D타워점,서울특별시,종로구,청진동,246
겟썸커피,서울특별시,송파구,신천동,29
맨홀커피,서울특별시,영등포구,당산동5가,43
윤경양식당,서울특별시,성동구,성수동1가,668-105
성수다락,서울특별시,성동구,성수동2가,328-15
레이어드 안국점,서울특별시,종로구,재동,84-14
고트델리,서울특별시,영등포구,문래동2가,56-2
카페413프로젝트,서울특별시,강남구,역삼동,640-9
애즈라이크,서울특별시,종로구,통의동,7-33
그리지하우스,서울특별시,송파구,송파동,8-11
프릳츠 양재점,서울특별시,서초구,서초동,1363-10
바오쯔,서울특별시,종로구,혜화동,84-1
가마메시야 울림,서울특별시,강서구,마곡동,773
냠냠물고기,서울특별시,송파구,가락동,74-5
해목 논현점,서울특별시,강남구,논현동,95-21
아루히,서울특별시,영등포구,여의도동,35-5
진가와,서울특별시,영등포구,여의도동,25
이치에,서울특별시,강남구,신사동,656-7
네기 실비,서울특별시,종로구,신문로2가,171
대막,서울특별시,강남구,신사동,648-19
부엌,서울특별시,송파구,삼전동,2-4
이이요,서울특별시,광진구,능동,225-1
오가와,서울시,종로구,당주동,5
어항로,서울특별시,용산구,한강로2가,24-2
쉐프의콜렉션,서울특별시,광진구,구의동,243-5
네기 다이닝라운지,서울특별시,강남구,신사동,540
스시려,서울특별시,관악구,봉천동,874-1
고급오복수산,서울시,강남구,신사동,603
다루마,서울특별시,강서구,마곡동,758-4
즐거운 술상,서울특별시,도봉구,창동,338
반샤쿠,서울특별시,영등포구,영등포동3가,19-2
오복수산 여의도점,서울특별시,영등포구,여의도동,25
분노지,서울특별시,서초구,반포동,743-17
송하정 스시,서울특별시,강동구,상일동,230
우정초밥,서울,성북구,종암동,33-14
은하수,서울특별시,강남구,역삼동,811
오사이초밥 건대본점,서울특별시,광진구,화양동,1-16
미나미,서울특별시,서초구,서초동,1668-7
카메스시,서울특별시,강남구,논현동,254-26
우동 카덴,서울특별시,서대문구,연희동,81-1
발리문,서울특별시,마포구,연남동,228-48
무월,서울특별시,강남구,역삼동,811-12
연어롭다,서울특별시,마포구,연남동,382-19
제주항,서울특별시,용산구,한강로2가,258-5
카린지,서울특별시,성동구,성수동1가,656-629
오레노라멘 인사점,서울시,종로구,안국동,159
다미,서울특별시,영등포구,여의도동,36-4
카쿠시타,서울특별시,마포구,연남동,390-30
옥타,서울시,마포구,연남동,257-16
로바다야끼소담,서울특별시,영등포구,여의도동,45-19
고우,서울특별시,용산구,이태원동,119-17
오센,서울특별시,동작구,사당동,139-53
모토쿠라시,서울특별시,송파구,송파동,11-2
돈부각,서울특별시,동대문구,신설동,76-36
알로이막막,서울특별시,종로구,통인동,150-1
오뎅정종,서울특별시,영등포구,영등포동3가,12-12
금산제면소,서울특별시,중구,회현동2가,31-1
성수 명당,서울특별시,성동구,성수동2가,275-71
토라식당,서울특별시,성동구,성수동2가,315-48
슈타인도르프,서울특별시,송파구,방이동,69-1
준무,서울특별시,영등포구,문래동2가,60-2
136길 육미,서울특별시,강남구,논현동,107-34
현초밥,서울특별시,종로구,혜화동,139-1
우마쿠라,서울시,강남구,삼성동,142-18
소바마에,서울특별시,성동구,성수동1가,8-30
라무라,서울특별시,마포구,합정동,395-16
문화식당,서울특별시,중구,신당동,140-3
소이연남 본점,서울특별시,마포구,연남동,229-67
계탄집,서울특별시,광진구,자양동,553-264
호수집,서울특별시,중구,중림동,61-4
손문 대구막창 갈매기살 용산점,서울특별시,용산구,한강로2가,2-194
농민백암순대 강남역점,서울특별시,강남구,역삼동,830-9
제일곱창 본점,서울특별시,성동구,홍익동,131-1
목포집,서울특별시,강남구,신사동,514-3
감성타코 홍대점,서울특별시,마포구,서교동,358-121
쿠이신보,서울특별시,마포구,합정동,413-16
풍년상회,서울특별시,강동구,성내동,12-39
감초식당,서울특별시,동대문구,제기동,892-12
행운동조개,서울특별시,관악구,봉천동,1666-21
뉴오더클럽,서울특별시,마포구,연남동,260-31
영동 감자탕,서울특별시,마포구,서교동,448-2
낙성곱창,서울특별시,동작구,사당동,1003-18
멸치집 사당점,서울특별시,관악구,남현동,1061-1
팟카파우,서울특별시,용산구,용산동2가,1-510
꿀때기곱창,서울특별시,동작구,사당동,1037-17
헤키,서울특별시,마포구,망원동,379-25
구석집,서울특별시,영등포구,당산동3가,100
온달집 본점,서울특별시,강남구,신사동,514-4
코다차야,서울특별시,강남구,역삼동,808-5
영동족발 양재3호점,서울특별시,서초구,양재동,1-8
목동우대갈비,서울특별시,양천구,목동,514-3
히츠지야,서울특별시,마포구,서교동,395-36
대원식당,서울특별시,용산구,용산동3가,1-64
은화계 신당점,서울특별시,중구,신당동,248-2
김진목삼,서울특별시,종로구,필운동,154
조연탄,서울특별시,강북구,수유동,174-37
우리회포차 사당점,서울,동작구,사당동,1041-36
용용선생 강남역점,서울특별시,강남구,역삼동,817-21
김사부 샤브샤브,서울특별시,금천구,가산동,145-24
동대문 할아버지 크레페,서울특별시,중구,을지로7가,112-3
지로우 라멘,서울특별시,마포구,서교동,343-13
호야초밥참치 본점,서울특별시,광진구,화양동,10-1
체부동잔치집,서울특별시,종로구,체부동,190
에베레스트 영등포점,서울특별시,영등포구,영등포동,423-103
청어람 망원점,서울특별시,마포구,망원동,482-3
월래순 교자관,서울특별시,구로구,가리봉동,131-22
최우영수산,서울특별시,영등포구,당산동1가,79-7
콴안다오,서울특별시,강남구,신사동,516-2
마쯔무라 돈까스 직영1호점,서울특별시,도봉구,창동,74-25
다래함박스텍,서울특별시,강북구,수유동,56-45
여기가 좋겠네,서울특별시,동대문구,회기동,16-10
해물포차 꼴통,서울특별시,동작구,노량진동,231-170
대장군,서울특별시,구로구,구로동,26
한상차림밥상,서울특별시,동대문구,신설동,21
일광,서울시,광진구,화양동,47-43
각시보쌈,서울특별시,마포구,합정동,372-27
옥경이네 건생선,서울특별시,중구,황학동,723-2
노란상 소갈비 강남구청점,서울특별시,강남구,논현동,112-7
할범탕수육 본점,서울특별시,양천구,목동,610-26
만선호프,서울특별시,중구,을지로3가,95-1
다퍼줘,서울특별시,동대문구,제기동,1008
중화원,서울특별시,은평구,불광동,281-128
농부쌈밥,서울특별시,동작구,사당동,1007-6
정통집 건대점,서울시,광진구,화양동,11-14
우동가조쿠,서울특별시,성동구,행당동,32-22
장블랑제리,서울특별시,관악구,봉천동,1660-7
부탄츄 신촌점,서울특별시,서대문구,창천동,62-10
하하,서울특별시,마포구,연남동,229-12
버터밀크,서울특별시,마포구,창전동,6-131
만성찬팅,서울특별시,관악구,신림동,75-41
강남손제비,서울특별시,강남구,역삼동,642-1
정돈,서울특별시,종로구,명륜4가,107
최강금돈까스,서울특별시,마포구,합정동,388-15
한성돈까스,서울특별시,서초구,잠원동,21-5
정돈,서울특별시,마포구,서교동,408-26
츠키젠,서울,마포구,합정동,355-15
카페 나하,서울특별시,마포구,망원동,398-2
낙원테산도 용산아이파크몰점,서울,용산구,한강로3가,40-999
모리라멘&돈카츠,서울특별시,관악구,남현동,1059-1
허수아비돈까스 본점,서울특별시,서초구,서초동,1451-52
카츠8 용산아이파크몰점,서울특별시,용산구,한강로3가,40-999
삼백돈 돈가츠,서울특별시,관악구,봉천동,1610-27
정돈 프리미엄 가로수길점,서울특별시,강남구,신사동,519-4
콘반,서울특별시,동대문구,장안동,390-3
101번지 남산돈까스 남산 본점,서울특별시,중구,남산동2가,49-24
돈까스의 집,서울특별시,송파구,삼전동,1-4
이든돈카츠,서울특별시,동작구,노량진동,211-70
흥도식당,서울,송파구,오금동,23-3
산카레,서울특별시,용산구,한남동,684-35
문래동돈까스,서울특별시,영등포구,문래동4가,9-7
장안정,서울특별시,동대문구,장안동,308-9
오하라식당교토,서울특별시,서초구,반포동,722-36
명동교자 본점,서울특별시,중구,명동2가,25-2
진주집,서울특별시,영등포구,여의도동,36-2
진주회관,서울특별시,중구,서소문동,120-35
밀본,서울특별시,성동구,성수동2가,300-80
영일분식,서울특별시,영등포구,문래동4가,8-26
임병주 산동칼국수,서울특별시,서초구,서초동,1365
혜화 칼국수,서울특별시,종로구,혜화동,84-3
등촌샤브칼국수 등촌점,서울특별시,강서구,등촌동,679-1
혜성칼국수,서울시,동대문구,청량리동,50-18
황생가칼국수,서울특별시,종로구,소격동,84
명동교자 분점,서울특별시,중구,명동2가,33-4
명동칼국수,서울특별시,서초구,방배동,450-14
공항칼국수,서울특별시,강서구,공항동,49-2
밀란국수 개포본점,서울특별시,강남구,개포동,1215
상암회관,서울특별시,마포구,상암동,1597
엘림들깨수제비칼국수,서울특별시,강북구,수유동,521-20
프라자손칼국수,서울특별시,송파구,가락동,199
미시락칼국수,서울특별시,양천구,목2동,527-9
베테랑칼국수 롯데백화점잠실점,서울특별시,송파구,잠실동,40-1
꾸왁칼국수,서울특별시,중구,주교동,153-2
구의동손칼국수,서울시,광진구,구의동,251-177
옛날 칼국수,서울특별시,노원구,상계동,711-13
앵콜칼국수,서울특별시,서초구,서초동,1451-94
홍두깨손칼국수,서울특별시,마포구,망원동,414-26
찬양집,서울특별시,종로구,돈의동,27
현대칼국수,서울특별시,중구,태평로2가,69-3
산월수제비,서울특별시,강남구,대치동,316
대추나무칼국수,서울특별시,영등포구,문래동4가,8-35
목포칼국수,서울특별시,양천구,목동,917-9
명가들깨칼국수 본점,서울특별시,양천구,신정동,1020-15
내가국수다,서울특별시,강남구,율현동,196-34
장칼집,서울특별시,송파구,석촌동,252-14
평양칼국수,서울특별시,노원구,상계동,1119-32
강릉형제장칼국수,서울특별시,관악구,신림동,246-37
옛가손칼국수,서울특별시,중랑구,상봉동,130-80
답십리별미,서울,동대문구,답십리동,21-62
무명칼국수,서울특별시,노원구,월계동,68-79
수목식당,서울특별시,동작구,흑석동,54-146
칼스토랑,서울시,강서구,공항동,1356-11
손국시,서울특별시,강남구,논현동,91-26
논현손칼국수,서울특별시,강남구,논현동,193-38
밀양 손칼국수,서울특별시,성북구,동선동3가,139
빠오즈푸 본점,서울특별시,광진구,군자동,361-32
빠오즈푸 서울숲직영점,서울,성동구,성수동1가,656-1082
딤딤섬 파르나스몰점,서울,강남구,삼성동,159-8
정정,서울,마포구,대흥동,466-5
딤딤섬 롯데월드몰점,서울특별시,송파구,신천동,29
라라면가,서울특별시,성북구,동선동2가,135-8
이태원 우육미엔,서울특별시,용산구,한남동,741-17
샤오바오 우육면,서울특별시,종로구,관철동,12-24
위안바오,서울특별시,노원구,상계동,693
미엔아이 천등,서울,강남구,역삼동,813-3
호우섬 코엑스점,서울특별시,강남구,삼성동,159
몽중헌 페럼타워점,서울특별시,중구,수하동,66
남소관 우육도삭면,서울시,강남구,역삼동,820-1
딤딤섬 센트럴시티점,서울,서초구,반포동,19-3
딘타이펑 타임스퀘어점,서울특별시,영등포구,영등포동4가,442
딘타이펑 김포롯데몰점,서울특별시,강서구,방화동,886
바오차이,서울특별시,중구,을지로2가,203
크리스탈제이드 상하이 팰리스 잠실 에비뉴엘점,서울특별시,송파구,신천동,29
삼창교자,서울시,강남구,신사동,517-34
지우관,서울특별시,성동구,성수동2가,328-13
호우섬 현대백화점 목동점,서울특별시,양천구,목동,916
돈돈정,서울특별시,용산구,한강로3가,40-999
미도인 강남,서울시,강남구,역삼동,619-3
코코로식당,서울특별시,금천구,가산동,83-6
치마오,서울특별시,강남구,개포동,13-3
누하의숲,서울특별시,종로구,누하동,175-2
우마텐 텐동,서울특별시,성동구,성수동2가,279-50
연하동,서울특별시,마포구,연남동,373-15
노원 돈부리,서울특별시,노원구,상계동,763-7
지구당,서울특별시,강남구,신사동,546-20
신사랑,서울특별시,강남구,신사동,519-1
텐동한,서울특별시,광진구,중곡동,341-26
도토리브라더스,서울특별시,종로구,신문로2가,1-248
마츠노하나 더현대서울점,서울특별시,영등포구,여의도동,22
팔팔식당,서울특별시,중구,장충동2가,40-2
소년식당,서울특별시,성동구,성수동1가,668-8
상미규카츠,서울특별시,성북구,동선동1가,75
동경규동 노원역점,서울특별시,노원구,상계동,603-2
Ginza ryoko,서울특별시,마포구,서교동,346-21
온돈부리,서울특별시,마포구,상암동,1596
호호식당 도산공원점,서울시,강남구,신사동,647-16
쯔이코,서울특별시,노원구,상계동,581-214
온기정 타임스퀘어점,서울특별시,영등포구,영등포동4가,442
고쿠텐 강남역점,서울,강남구,역삼동,826-29
파파노다이닝,서울특별시,서대문구,대현동,34-51
원흥,서울특별시,중구,다동,92
대관원,서울특별시,영등포구,당산동4가,48-1
오향가,서울특별시,송파구,가락동,73-2
마담밍,서울특별시,강남구,대치동,889-65
명화원,서울특별시,용산구,한강로1가,14-28
영화장,서울특별시,동대문구,이문동,288-23
동순각,서울시,영등포구,영등포동2가,34-58
탕면,서울특별시,은평구,진관동,66
뽕사부 교대점,서울특별시,서초구,서초동,1572-1
일일향,서울시,강남구,삼성동,158-3
송쉐프,서울특별시,강남구,신사동,507-11
안동반점,서울특별시,성북구,보문동1가,53
주,서울특별시,서초구,방배동,795-5
위례풍미 중식당,서울특별시,송파구,장지동,897
서궁,서울특별시,영등포구,여의도동,43-4
범가,서울특별시,광진구,광장동,257-3
강남,서울특별시,영등포구,당산동5가,42
아리산채,서울특별시,은평구,수색동,37-38
연화산,서울특별시,강서구,마곡동,739-2
정,서울특별시,용산구,청파동2가,67-6
외백,서울특별시,마포구,도화동,343-1
장천,서울특별시,노원구,상계동,733-2
중식당 청담,서울특별시,강남구,청담동,7-12
영화루,서울특별시,종로구,누하동,25-1
안래홍,서울시,종로구,공평동,132
현래장,서울특별시,마포구,마포동,140
란주탕슉,서울특별시,서대문구,대현동,53-20
즉석우동짜장,서울특별시,영등포구,신길동,4216
방화동 교동짬뽕,서울특별시,강서구,방화3동,323-8
중화요리 팔공,서울특별시,관악구,신림동,10-621
사모님짬뽕,서울특별시,강서구,방화동,453-27
금정,서울특별시,양천구,목1동,405-160
오레노라멘 본점,서울특별시,마포구,합정동,361-1
멘야하나비 본점,서울특별시,송파구,송파동,57
잇텐고,서울특별시,마포구,합정동,396-14
용산마루,서울특별시,용산구,한강로3가,40-461
칸다소바 홍대점,서울시,마포구,상수동,91-3
카토멘,서울특별시,강남구,대치동,895-1
삼방매,서울특별시,종로구,안국동,160-2
도마 유즈라멘,서울특별시,종로구,재동,84-6
호랑이식당 용산아이파크몰점,서울,용산구,한강로3가,40-999
멘지,서울특별시,마포구,망원동,378-6
왓쇼이켄,서울특별시,강남구,역삼동,826-37
교레츠라멘 신도림점,서울특별시,구로구,신도림동,644
라멘모토,서울특별시,서초구,잠원동,38-26
유타로,서울시,송파구,가락동,79-5
로라멘,서울특별시,영등포구,문래동2가,14-15
옥토끼제면소,서울특별시,은평구,응암동,113-35
헝그리 곰바,서울특별시,서초구,방배동,455-15
부탄츄,서울특별시,마포구,서교동,330-19
쿠이도라쿠,서울특별시,성북구,안암동5가,85-3
멘야하나비 신사점,서울특별시,서초구,잠원동,10-44
하카타분코 본점,서울특별시,마포구,상수동,93-28
칸다소바,서울시,종로구,명륜4가,24
멘야세븐,서울특별시,강동구,길동,396-13
포비,서울특별시,종로구,청진동,246
로우 커피 스탠드,서울특별시,성동구,성수동1가,8-16
천상가옥,서울시,성동구,성수동2가,322-4
호랑이,서울특별시,중구,산림동,207-2
카페 아키비스트,서울특별시,종로구,효자동,164-7
콜린,서울특별시,마포구,서교동,403-13
그레이랩,서울특별시,마포구,합정동,367-9
포비 강남점,서울특별시,서초구,반포동,118-3
모로코코 카페,서울특별시,용산구,용산동2가,45-9
테일러커피 연남1호점,서울특별시,마포구,연남동,224-41
올드페리도넛,서울특별시,용산구,한남동,727-21
어나더사이드,서울특별시,강서구,내발산동,677
차 마시는 뜰,서울,종로구,삼청동,35-169
프롤라,서울특별시,성동구,성수동2가,272-35
삼원샏,서울특별시,종로구,명륜4가,103-5
학림다방,서울시,종로구,명륜4가,94-2
테라로사 광화문점,서울특별시,종로구,중학동,19
카페 아르무아,서울특별시,광진구,화양동,5-32
알베르,서울특별시,강남구,역삼동,68-11
청수당,서울특별시,종로구,익선동,144
쎈느,서울시,성동구,성수동2가,314-2
테디스오븐,서울특별시,성동구,성수동1가,668-50
리사르 커피,서울시,중구,신당동,366-32
할아버지공장,서울,성동구,성수동2가,309-133
서울노마드,서울특별시,성북구,동소문동4가,124-1
거북이,서울,서초구,방배동,454-2
반쥴,서울특별시,종로구,관철동,12-16
텔러스 9.5,서울특별시,강남구,신사동,561-19
커피루소,서울특별시,중구,정동,17-4
스윗솔트,서울특별시,강동구,명일동,222-3
3일한우국밥,서울특별시,영등포구,영등포동4가,68-5
하동관 코엑스직영점,서울특별시,강남구,삼성동,159
등나무집,서울시,동작구,신대방동,687-14
민정식당 본점,서울시,광진구,자양동,232-4
이도곰탕 본점,서울특별시,강남구,역삼동,671-17
이여곰탕,서울특별시,용산구,한강로2가,109-2
하동관 명동본점,서울특별시,중구,명동1가,10-4
하동관 여의도직영1호점,서울특별시,영등포구,여의도동,15-24
마포 양지설렁탕,서울특별시,마포구,도화동,181-37
풍년옥,서울특별시,용산구,동자동,12
대흥설농탕,서울,동대문구,장안동,192-75
이남장,서울시,중구,을지로2가,101-32
외고집설렁탕,서울특별시,강남구,삼성동,120-8
육개옥,서울특별시,강남구,논현동,206-5
풍미연,서울특별시,노원구,상계2동,323-11
무수옥,서울특별시,도봉구,도봉동,600-4
원기옥,서울특별시,성동구,성수동2가,280
영동설렁탕,서울시,서초구,잠원동,10-53
마포옥,서울특별시,마포구,용강동,50-14
진주집,서울특별시,중구,남창동,34-31
이수곰탕,서울특별시,은평구,진관동,65
황해수육 영등포점,서울특별시,영등포구,영등포동3가,13-11
동남집,서울,마포구,상암동,1597
황해도 구월산,서울특별시,영등포구,당산동3가,102
금성관 나주곰탕,서울특별시,중구,남대문로3가,96
동남집 2호점,서울특별시,금천구,가산동,371-59
합정옥,서울특별시,마포구,합정동,392-3
이문설렁탕,서울특별시,종로구,견지동,88
수하동 곰탕 본점,서울특별시,강남구,대치동,891-44
느티나무설렁탕,서울특별시,중구,신당동,251-131
부영 도가니탕,서울특별시,종로구,삼청동,27-14
원조나주곰탕,서울특별시,강서구,방화동,559-1
김가네설렁탕,서울특별시,강서구,방화동,609-30
동우설렁탕,서울시,성북구,안암동5가,15-25
동남집,서울특별시,구로구,구로동,222-3
호족반 도산공원점,서울특별시,강남구,신사동,646-23
사대부집곳간,서울특별시,영등포구,여의도동,28-1
난포,서울특별시,용산구,한남동,743-7
고래불,서울특별시,강남구,역삼동,828-52
한일관 영등포점,서울특별시,영등포구,영등포동4가,442
툇마루밥상,서울특별시,송파구,문정동,618
청계산곤드레집,서울시,서초구,신원동,195-16
무끼,서울특별시,영등포구,여의도동,44-6
솜씨 이촌,서울특별시,용산구,이촌동,301-27
산들해 양재동점,서울특별시,서초구,양재동,24
비채나,서울특별시,송파구,신천동,29
해담채 서여의도점,서울특별시,영등포구,여의도동,16-2
고미정,서울특별시,서대문구,연희동,79-3
주유별장,서울특별시,종로구,청진동,246
한미옥,서울특별시,강남구,청담동,85-2
송화,서울특별시,강남구,역삼동,637-23
배나무골오리집 양재본점,서울특별시,서초구,양재동,241-3
강동반상,서울시,강동구,상일동,502
가시리남도정식 석촌호수점,서울특별시,송파구,송파동,57-8
산들해 방이동점,서울특별시,송파구,방이동,44-3
수라선,서울특별시,강남구,역삼동,675-3
대보명가,서울특별시,강북구,수유동,563-14
우래옥 본점,서울특별시,중구,주교동,118-1
진미평양냉면,서울특별시,강남구,논현동,115-10
봉피양 본점,서울특별시,송파구,방이동,205-8
서북면옥,서울특별시,광진구,구의동,80-47
서관면옥 교대본점,서울특별시,서초구,서초동,1675-5
을밀대 본점,서울특별시,마포구,염리동,147-6
반룡산,서울특별시,강남구,대치동,894-4
정인면옥,서울특별시,영등포구,여의도동,13-1
남포면옥 시청점,서울특별시,중구,다동,121-4
필동면옥,서울특별시,중구,필동3가,1-5
평양면옥 본점,서울특별시,중구,장충동1가,13
동무밥상,경기도,고양시,일산동구,식사동
설눈,서울특별시,서초구,서초동,1551-9
오장동흥남집 본점,서울특별시,중구,오장동,101-7
아소정,서울시,마포구,염리동,149-9
능라도 강남점,서울특별시,강남구,삼성동,151-7
제형면옥,서울특별시,노원구,하계동,191
봉래면옥,서울특별시,강동구,길동,227-1
부원면옥,서울특별시,중구,남창동,47-10
류경회관,서울특별시,강남구,역삼동,790-17
평안도 상원냉면,서울특별시,마포구,동교동,165-8
더진미평냉,서울특별시,서초구,서초동,1623-3
해주냉면 본점,서울시,송파구,잠실동,195-9
황산냉면,서울특별시,송파구,방이동,136-9
능라도 마곡,서울특별시,강서구,마곡동,797-6
청량리할머니냉면,서울특별시,동대문구,제기동,470
을밀대 강남점,서울특별시,강남구,역삼동,826-37
유천냉면 풍납본점,서울특별시,송파구,풍납동,397-18
태천면옥,서울특별시,광진구,광장동,258-39
서평면옥,서울특별시,동작구,신대방동,395-70
평양면옥,서울특별시,구로구,오류동,13-55
을밀대 잠실점,서울특별시,송파구,방이동,67-5
옥돌현옥,서울특별시,송파구,가락동,19-7
이조면옥,서울특별시,강서구,가양동,138-9
피양옥 압구정점,서울특별시,강남구,신사동,616-9
강남면옥 본점,서울시,강남구,신사동,588-9
강남면옥,서울특별시,종로구,신문로2가,12-5
장수원,서울시,서초구,방배동,778-27
갓덴스시,서울시,강남구,역삼동,822-4
초와밥,서울특별시,동작구,사당동,1031-13
스시도쿠 왕십리본점,서울특별시,성동구,행당동,196-23
청화초밥,서울특별시,송파구,방이동,69-9
은행골 본점,서울특별시,관악구,신림동,1654-7
스시로로,서울특별시,동작구,사당동,1006-5
갓덴스시,서울특별시,송파구,신천동,29
은행골,서울특별시,마포구,서교동,409-14
이한스시,서울특별시,영등포구,양평동1가,9-37
김영섭초밥,서울특별시,마포구,상암동,42-20
기꾸스시,서울특별시,서대문구,창천동,72-23
중앙참치식당,서울특별시,영등포구,영등포동5가,34-33
스시마이우,서울특별시,서초구,잠원동,68-17
이춘복참치 을지로점,서울특별시,중구,수하동,67
누리초밥참치 본점,서울특별시,강남구,논현동,184
이현우스시,서울특별시,강서구,화곡동,1050-37
삿뽀로 디큐브점,서울,구로구,신도림동,692
바르미 스시샤브 현대백화점디큐브시티점,서울특별시,구로구,신도림동,692
여우골 홍대점,서울특별시,마포구,서교동,363-24
신설국,서울특별시,노원구,하계동,251-4
스시지현,서울시,마포구,연남동,373-13
효자동초밥,서울특별시,종로구,통의동,59
은행골 신사점,서울특별시,강남구,신사동,537-2
스시세이,서울특별시,동작구,사당동,1010-29
스시노칸도 수유점,서울특별시,강북구,수유동,192-3
동경산책,서울특별시,관악구,봉천동,1604-8
은행골 강남점,서울특별시,서초구,서초동,1308-14
은행골,서울시,마포구,도화동,173
김태완의 초밥좋은날,서울특별시,성북구,동소문동5가,118-15
은행골 목동점,서울특별시,양천구,목동,917
스시텐,서울시,광진구,구의동,214-6
최우영스시,서울특별시,구로구,구로동,212-8
스시로 타임스퀘어점,서울특별시,영등포구,영등포동4가,442
초밥아저씨,서울특별시,관악구,신림동,1602-1
스시토푸,서울특별시,광진구,광장동,326-13
마구로,서울특별시,중랑구,상봉동,118
태풍참치,서울특별시,강서구,마곡동,797-4
을지오뎅,서울시,중구,을지로3가,348-5
하레,서울특별시,서초구,서초동,1697-11
산카이,서울특별시,송파구,방이동,62
대원앤대원,서울시,영등포구,여의도동,36-4
도동집,서울특별시,용산구,후암동,439-24
근린주옥,서울,강서구,마곡동,795-6
차니오뎅,서울특별시,종로구,명륜2가,30
화심,서울특별시,송파구,잠실동,186-11
토모야,서울특별시,서초구,방배동,444-2
하츠코이,서울특별시,강남구,도곡동,953-1
송계옥,서울특별시,송파구,방이동,93
다케,서울특별시,강서구,화곡동,98-155
센민 (Senmin),서울특별시,강남구,역삼동,640-17
히또비또,서울특별시,영등포구,여의도동,44-37
락희돈,서울특별시,마포구,동교동,155-35
호미관,서울특별시,종로구,청진동,136
주식,서울,용산구,한강로2가,28-1
썬키친,서울특별시,마포구,합정동,412-26
호요,서울특별시,동작구,사당동,1008-10
쿠시152,서울특별시,강남구,삼성동,152-54
시후쿠,서울특별시,용산구,한강로1가,250-2
원조 조박집 본관,서울특별시,마포구,용강동,40-1
수원집,서울특별시,송파구,문정동,73-10
대성갈비,서울시,성동구,성수동1가,668-21
서울갈비 신림점,서울특별시,관악구,신림동,1410-17
경상도집,서울특별시,중구,을지로6가,1-1
철길왕갈비살,서울시,마포구,창전동,4-2
태능배밭갈비,서울특별시,중랑구,묵동,249-107
조선옥,서울특별시,중구,을지로3가,229-1
홍능갈비집 본점,서울특별시,동대문구,청량리동,520-14
까사생갈비,서울특별시,강남구,역삼동,810-7
청기와타운 마포점,서울특별시,마포구,용강동,45-5
명돼지갈비,서울특별시,관악구,남현동,602-125
마포진짜원조최대포집 본점,서울특별시,마포구,공덕동,255-6
용문갈비,서울특별시,용산구,용문동,18-17
안동돼지갈비,서울특별시,양천구,목동,611-21
송원 마포 돼지갈비,서울특별시,영등포구,문래동4가,9-8
마포집,서울특별시,강남구,도곡동,411-13
청담옥,서울특별시,강남구,도곡동,542-6
북악정,서울특별시,종로구,평창동,114-12
삼청각,서울시,송파구,가락동,124-1
왕비집 본점,서울시,중구,충무로2가,63-3
청기와타운 잠실점,서울특별시,송파구,방이동,109-11
창동숯불돼지갈비,서울특별시,도봉구,창동,134-11
장수갈비,서울특별시,중구,충무로1가,25-45
조선갈비,서울특별시,강서구,등촌동,664-7
성산왕갈비,서울특별시,마포구,성산동,450
무시칸 구로역점,서울특별시,구로구,구로동,572-32
무학,서울특별시,중구,신당동,472
양촌리,서울특별시,강서구,화곡동,1069-3
명월관,서울특별시,광진구,광장동,22-1
통큰갈비 신촌본점,서울특별시,서대문구,창천동,62-67
귀품찬 숯불갈비 수유직영점,서울특별시,강북구,수유동,230-7
중앙해장,서울특별시,강남구,대치동,996-16
무교동 북어국집,서울특별시,중구,다동,173
안주마을,서울특별시,종로구,내자동,1-2
가양 칼국수 버섯매운탕,서울특별시,영등포구,여의도동,43-3
하니칼국수,서울,중구,흥인동,38
태인양꼬치,서울특별시,영등포구,영등포동3가,7-34
청와옥 을지로3가직영점,서울시,중구,을지로3가,346-1
진진 여의도점,서울특별시,영등포구,여의도동,36-4
기절초풍왕순대,서울특별시,관악구,봉천동,1620-38
광화문뚝감,서울시,종로구,당주동,128-14
팔람까오,서울특별시,금천구,가산동,543-1
인사동수제비,서울특별시,종로구,관훈동,29-2
대화정 진짜해장국,서울특별시,중구,을지로6가,18-85
신성일식,서울시,종로구,서린동,128-1
진고래,서울특별시,강남구,대치4동,897-22
월강부산돼지국밥,서울특별시,마포구,연남동,258-14
동강나루터,서울특별시,중구,을지로2가,101-17
서여사네,서울특별시,영등포구,문래동2가,14-60
달래해장,서울특별시,강남구,신사동,510-11
르 번미,서울특별시,용산구,이촌동,301-53
문배동육칼 삼성직영점,서울특별시,강남구,삼성동,156-6
화목순대국전문,서울특별시,종로구,당주동,40
제주 은희네 해장국 예술의전당점,서울특별시,서초구,서초동,1585-14
포항막회,서울특별시,광진구,화양동,8-50
림가기,서울특별시,마포구,서교동,327-45
뽀글이 두루찌개,서울특별시,강서구,마곡동,795-7
연남동주막,서울특별시,마포구,동교동,204-5
퍼퓰러,서울특별시,중구,을지로6가,23-9
성원일식,서울특별시,중구,명동2가,88-1
강남 진해장,서울특별시,강남구,역삼동,819-4
제주은희네해장국,서울특별시,송파구,석촌동,183-7
영화정해장국,서울특별시,강동구,길동,413-20
제주은희네해장국 선릉직영점,서울특별시,강남구,삼성동,143-30
제주은희네해장국 문정테라타워점,서울시,송파구,문정동,651
비사벌 전주 콩나물국밥,서울특별시,성동구,성수동1가,656-448
함평국밥,서울특별시,중랑구,상봉동,90-64
솔솥 성수점,서울특별시,성동구,성수동2가,315-25
시골집,서울특별시,관악구,봉천동,1625-5
태림산채정식,서울특별시,도봉구,쌍문동,141-3
계림원,서울특별시,영등포구,문래동3가,2
대머리식당,서울특별시,성북구,장위동,75-1
시골집,서울특별시,서초구,서초동,1459-11
보성장,서울특별시,동대문구,전농동,129-42
녹원쌈밥,서울특별시,서대문구,연희동,82-3
솔솥 청담점,서울특별시,강남구,신사동,666-27
솔솥 연남점,서울특별시,마포구,연남동,390-42
본토박이,서울특별시,영등포구,여의도동,35-2
솔솥 한남점,서울특별시,용산구,한남동,683-23
솔솥 익선점,서울특별시,종로구,익선동,123-2
강촌쌈밥,서울특별시,종로구,평창동,460-1
소월솥밥,서울특별시,용산구,용산동2가,1-486
다채 대방점,서울특별시,동작구,대방동,354-1
만석장 롯데몰김포공항점,서울특별시,강서구,방화동,886
화해당,서울특별시,영등포구,여의도동,17-6
원조쌈밥집 창신점,서울특별시,종로구,창신동,687-24
도꼭지 KT송파타워점,서울특별시,송파구,신천동,29-1
이경진우렁쌈밥정식 오금점,서울특별시,송파구,오금동,89-4
토담토담,서울특별시,종로구,낙원동,218-1
시골쌈밥,서울특별시,강북구,우이동,165-5
망우 찜쌈밥,서울특별시,중랑구,망우동,410-2
계림원,서울특별시,동대문구,휘경동,319-34
김종용누룽지통닭 한남점,서울특별시,용산구,한남동,632-4
상락원 청계밥상,서울특별시,서초구,원지동,415-2
온돌,서울특별시,관악구,봉천동,1612-52
명륜건강원,서울특별시,종로구,명륜2가,237
경주식당,서울특별시,마포구,상수동,314-10
툇마루집 된장예술,서울특별시,종로구,인사동,4
익선동121,서울특별시,종로구,익선동,121
미식가,서울특별시,송파구,잠실동,205-3
담뿍화로 된장찌개,서울특별시,강남구,역삼동,644-19
최대감네,서울특별시,종로구,경운동,64-47
미나리식당,서울특별시,마포구,서교동,366-14
봉이밥 마곡나루역,서울특별시,강서구,마곡동,757-2
전라도맛집,서울특별시,종로구,관수동,154-1
The 맛있는밥집 이촌점,서울특별시,용산구,이촌동,300-19
오우 (OU),서울특별시,마포구,동교동,203-56
맛있는밥상 차림,서울특별시,마포구,상암동,12-16
장사랑 본점,서울특별시,강남구,신사동,624-47
시래마을,서울특별시,서초구,반포동,19-4
소녀방앗간 이화여대점,서울특별시,서대문구,대현동,34-19
마마된장,서울시,영등포구,여의도동,23
소녀방앗간,서울특별시,구로구,신도림동,692
담뿍화로된장찌개,서울특별시,서초구,서초동,1330-6
시골야채된장,서울특별시,서초구,서초동,1308
애호락,서울특별시,종로구,계동,107-1
시래기담은,서울특별시,종로구,팔판동,71
토속집,서울특별시,성북구,성북동1가,35-41
곤밥,서울특별시,마포구,상수동,339-9
최영희언양불고기,서울특별시,성동구,행당동,286-12
하양옥,서울특별시,강서구,마곡동,799-1
바다회사랑 연남본점,서울특별시,마포구,연남동,566-8
충무집,서울특별시,중구,다동,123-1
부부횟집,서울특별시,송파구,송파동,59-13
형제상회,서울특별시,동작구,노량진동,334
이한진 숙성회,서울,강동구,천호동,393-14
매일스시횟집,서울특별시,마포구,염리동,95-1
목포명가 삼성점,서울특별시,강남구,삼성동,154-2
막내횟집,서울특별시,중구,남창동,50-48
현대수산,서울특별시,서대문구,합동,116
보물섬,서울특별시,강남구,역삼동,736-19
바다회포차,서울특별시,광진구,자양동,794-8
구룡포 세꼬시,서울특별시,송파구,삼전동,22-19
바다회사랑 2호점,서울특별시,마포구,서교동,461-25
일성수산,서울특별시,동작구,노량진동,334
강릉스낵,서울특별시,양천구,목동,406-65
목동해물,서울특별시,양천구,목동,406-100
용기수산,서울특별시,송파구,가락동,600
노량해전,서울특별시,동작구,노량진동,119-159
은성횟집,서울특별시,종로구,종로4가,2-1
남해바다마차,서울특별시,성북구,석관동,133-62
묵호집,서울특별시,중구,북창동,82
통영다찌,서울특별시,강남구,논현동,81-4
갯마을횟집,서울특별시,종로구,관철동,35-1
어도,서울시,강남구,논현동,98-12
미소네,서울특별시,동작구,사당동,1033-24
대찬횟집,서울특별시,종로구,관철동,256
우리회수산,서울특별시,마포구,도화동,334-3
채윤희,서울특별시,영등포구,문래동3가,58-2
옛날마차,서울특별시,구로구,구로동,1125-14
자매수산,서울특별시,강남구,역삼동,619-30
전라도횟집,서울특별시,종로구,예지동,3-1
고운님 삼성점,서울특별시,강남구,대치동,995-24
우리바다수산,서울특별시,마포구,성산동,649-5
떡도리탕,서울특별시,강남구,역삼동,817-30
풍년닭도리탕,서울특별시,중구,북창동,18-7
진옥화할매 원조 닭한마리,서울특별시,종로구,종로5가,265-22
유림 닭도리탕 강서점,서울특별시,강서구,염창동,280-6
고갯마루,서울특별시,강남구,역삼동,725-12
성북동 누룽지백숙,서울특별시,성북구,성북동,281-1
춘천막국수,서울,중구,신당동,368-86
선비네,서울,영등포구,영등포동5가,42-10
계류관,서울특별시,중구,황학동,717
까치네,서울특별시,용산구,남영동,40-4
큰손닭한마리,서울특별시,송파구,잠실동,186-13
메밀향그집,서울특별시,종로구,명륜4가,72-3
장원닭한마리,서울특별시,광진구,중곡동,138-19
송계옥 성수점,서울특별시,성동구,성수동2가,277-50
옥면가 논현지점,서울특별시,강남구,논현동,243-7
닭칼원조집,서울특별시,중구,중림동,471
주전부리,서울특별시,동작구,노량진동,123-7
을지로 골목집,서울시,중구,을지로3가,344-15
닭한마리 공릉본점,서울특별시,노원구,공릉동,577-10
효계 을지로점,서울특별시,중구,을지로3가,320-12
진남포면옥,서울특별시,중구,신당동,368-89
소문난집,서울특별시,강남구,삼성동,8-1
연하식당,서울특별시,영등포구,당산동6가,338-2
계옥정,서울특별시,영등포구,문래동2가,42-8
창동닭한마리,서울특별시,도봉구,창동,254-20
매운집,서울특별시,강서구,마곡동,757
다락투,서울시,마포구,서교동,358-83
대낚식당,서울시,강남구,역삼동,751-17
정솔닭한마리 영등포본점,서울특별시,영등포구,영등포동3가,12-18
명동닭한마리 본점,서울특별시,종로구,종로5가,265-8
미사리밀빛 초계국수 삼성코엑스몰점,서울특별시,강남구,삼성동,159
어머니와 아들,서울시,서대문구,홍은동,9-86
동대닭한마리 본점,서울특별시,중구,필동3가,10-2
농민백암순대 본점,서울특별시,강남구,대치동,896-33
청와옥 본점,서울특별시,송파구,방이동,177-3
함경도 찹쌀순대,서울특별시,송파구,가락동,79-7
청와옥 석촌호수직영점,서울시,송파구,석촌동,2
삼촌네,서울특별시,관악구,신림동,1640-31
화목순대국,서울특별시,영등포구,여의도동,44-14
서일순대국,서울특별시,동작구,신대방동,362-27
고흥순대국머리고기 본점,서울특별시,광진구,자양동,5-55
순대실록,서울특별시,종로구,동숭동,1-41
청와옥 사당직영점,서울특별시,동작구,사당동,1007-50
고향집 아바이왕순대,서울특별시,동대문구,청량리동,769-1
청와옥 군자역직영점,서울특별시,광진구,능동,220-4
개군할머니토종순대국 방이동직영점,서울특별시,송파구,방이동,187-9
순대일번지,서울특별시,마포구,망원동,481-5
이북집 찹쌀순대 용산점,서울특별시,용산구,한강로2가,121-6
이경문순대곱창,서울특별시,종로구,돈의동,11-1
오복순대국,서울특별시,영등포구,문래동4가,6-5
호박집,서울특별시,영등포구,영등포동5가,2
산골,서울특별시,관악구,봉천동,32-2
순대만드는집,서울특별시,서초구,방배동,453-2
장가네,서울특별시,동작구,사당동,1033-4
약수순대국,서울특별시,중구,신당동,857
남순남 순대국,서울특별시,강남구,도곡동,945-2
돈암순대김밥,서울특별시,성북구,동소문동5가,63-3
기차순댓국,서울특별시,성북구,정릉동,347-2
24시 찹쌀순대,서울특별시,서초구,양재동,327-15
와가리피순대 본점,서울특별시,동대문구,용두동,233-20
보승회관,서울특별시,서대문구,창천동,62-1
벼랑순대국 본점,서울특별시,강북구,번동,428-90
정남옥 서울대입구점,서울특별시,관악구,봉천동,1598-20
순대실록 센트럴시티점,서울특별시,서초구,반포동,19-3
이화순대국,서울특별시,금천구,시흥동,999-40
백암왕순대,서울특별시,송파구,방이1동,206-3
햇빛촌 순대국 본점,서울시,강서구,등촌동,668-5
영등포아바이순대국,서울특별시,영등포구,영등포동5가,7
서일순대국 구로점,서울특별시,구로구,구로동,142-77
깡통만두,서울특별시,종로구,재동,84-22
봉산옥 서초동본점,서울특별시,서초구,서초동,1451-9
가메골 손만두,서울특별시,중구,남창동,60-2
쟈니덤플링 본점,서울특별시,용산구,이태원동,74-24
파오파오,서울특별시,송파구,잠실동,205-16
구복만두,서울특별시,용산구,갈월동,59-13
자하손만두,서울특별시,종로구,부암동,245-2
만두전빵,서울특별시,성동구,행당동,317-72
춘향미엔 왕십리점,서울특별시,성동구,행당동,299-1
이화만두,서울,광진구,능동,282-3
새응배노,서울특별시,성북구,석관동,252-7
뉴만두집,서울특별시,강남구,신사동,661-1
갯마을 한강로점,서울특별시,용산구,한강로3가,65-550
락원,서울특별시,양천구,목동,917-9
평양만두집,서울특별시,강동구,성내동,552-5
수라,서울특별시,영등포구,당산동3가,245
개성만두 궁,서울특별시,종로구,관훈동,30-11
홍콩참치만두,서울특별시,동작구,사당동,89-41
원산만두,서울특별시,송파구,송파동,145-13
북촌손만두 본점,서울특별시,종로구,관훈동,42-2
평안도만두집,서울특별시,종로구,내수동,167
개성손만두,서울특별시,금천구,가산동,143-18
미스터서왕만두 이대점,서울특별시,서대문구,대현동,27-20
취야벌국시,서울시,종로구,관훈동,198-27
산동교자관,서울특별시,강남구,신사동,615
북촌손만두 북촌점,서울특별시,종로구,재동,45-8
서울집,서울시,강남구,역삼동,673-30
남북통일,서울시,마포구,서교동,375-26
봉이만두,서울특별시,동대문구,휘경동,261-3
차이치,서울특별시,종로구,체부동,26
만두장성,서울특별시,노원구,공릉동,585-1
을지칼국수,서울특별시,중구,을지로3가,291-45
놀부만두,서울특별시,동대문구,휘경동,276-33
춘보만두,서울특별시,노원구,공릉동,571-30
대가 역삼점,서울특별시,강남구,역삼동,810-13
성북동집,서울시,성북구,성북동,91
코끼리 만두,서울특별시,강서구,등촌동,654-78
만두라,서울특별시,금천구,시흥동,984
비엘티스테이크,서울특별시,종로구,종로6가,289-3
하나샤브샤브,서울특별시,노원구,중계동,506
쥬에,서울,용산구,한남동,3-1
몽중헌,서울특별시,송파구,방이동,44-5
서울로인 서울숲점,서울특별시,성동구,성수동1가,685-696
시추안하우스 삼성점,서울시,강남구,삼성동,154-11
중화일상,서울,송파구,송파동,20-6
줄라이,서울특별시,서초구,반포동,577-20
하코네,서울시,강남구,삼성동,159-8
일일향,서울특별시,용산구,한강로2가,147
스시고,서울특별시,서초구,반포동,94-10
몰타참치,서울특별시,강남구,대치동,891-46
테이블포포,서울특별시,서초구,반포동,110-1
모도우,서울특별시,종로구,중학동,14
도쿄등심 여의도점,서울특별시,영등포구,여의도동,35-3
비스테까,서울특별시,용산구,이태원동,211-33
구아이,서울특별시,영등포구,여의도동,44-14
라 싸브어,서울특별시,서초구,반포동,90-10
일일향 논현2호점 2호점,서울특별시,강남구,논현동,206-5
파씨오네,서울특별시,강남구,신사동,646-23
소문 광화문점,서울특별시,종로구,내수동,75
모던눌랑,서울특별시,서초구,반포동,118-3
톡톡,서울특별시,강남구,청담동,69-5
루나아시아,서울특별시,강남구,삼성동,152-62
발우공양,서울특별시,종로구,견지동,71
홍연,서울특별시,중구,소공동,87-1
진지아,서울특별시,송파구,송파동,23-10
모도우 여의도점,서울특별시,영등포구,여의도동,23-8
엄마마늘보쌈,서울특별시,노원구,월계동,64-9
키누카누,서울특별시,강서구,마곡동,797-1
모던샤브하우스 센트럴시티점,서울특별시,서초구,반포동,19-3
크래버대게나라 잠실점,서울특별시,송파구,방이동,165-4
더 파크뷰,서울특별시,중구,장충동2가,202
순천집,서울특별시,동작구,노량진동,267-6
더플레이스 영등포 타임스퀘어점,서울특별시,영등포구,영등포동4가,442
디오디아,서울시,서초구,양재동,24
노원한우,서울특별시,노원구,상계동,725-2
차알 브라운,서울특별시,용산구,한강로2가,181
몽중헌 공덕점,서울특별시,마포구,도화동,25-13
더아리엘 목동점,서울특별시,양천구,목동,961
늘봄해물찜&손칼국수,서울특별시,동대문구,답십리동,267-8
이자카야 나무,서울특별시,강남구,역삼동,831-3
시래불고기 화풍정,서울특별시,동작구,상도동,320-21
농부의꿈,서울특별시,강동구,상일동,259
구이구이,서울특별시,중구,을지로1가,192-11
샤이바나,서울특별시,중구,태평로1가,84
빕스 프리미어 목동41타워점,서울,양천구,목동,917-9
러시아 케익,서울,중구,광희동1가,134
파이홀,서울특별시,서대문구,창천동,57-61
피오니,서울특별시,마포구,서교동,395-78
패션5,서울특별시,용산구,한남동,729-74
부암동스코프,서울특별시,종로구,부암동,278-5
트리아농,서울특별시,강남구,청담동,26-5
페닌슐라,서울특별시,중구,소공동,1
카페 노티드 청담,서울특별시,강남구,신사동,654-9
아경면선,서울특별시,용산구,이촌동,300-23
마얘(Maillet),서울특별시,서초구,반포동,106-6
시그니엘서울 더 라운지,서울특별시,송파구,신천동,29
OH WOAH,서울특별시,서초구,방배동,453-19
모멘토 브루어스,서울특별시,성동구,성수동1가,13-125
더달달,서울특별시,강남구,역삼동,618-7
더플레이트디저트,서울특별시,영등포구,여의도동,22
맷차,서울,중구,명동1가,37-1
소설원,서울특별시,서대문구,홍제동,158-49
트리오드,서울특별시,강남구,역삼동,649
카페 클로이 인 패리스,서울시,마포구,연남동,227-24
젠젠 잠실점,서울특별시,송파구,송파동,56-1
작당모의,서울특별시,마포구,연남동,381-15
마이스페이스,서울특별시,영등포구,문래동2가,56-1
브라이언스커피,서울특별시,강남구,도곡동,457
쇼토,서울특별시,강남구,신사동,550-14
서촌스코프,서울특별시,종로구,누하동,90-2
새들러 하우스,서울특별시,강남구,신사동,561-8
언니가 숨겨놓은 과자상자,서울특별시,서초구,방배동,464-12
세시셀라 도산공원점,서울시,강남구,신사동,651-4
서울앵무새,서울특별시,성동구,성수동1가,685-213
목화씨라운지 연남,서울특별시,마포구,연남동,245-63
디저티스트,서울시,송파구,송파동,33
별미곱창 2호점,서울특별시,송파구,방이동,63-14
당산옛날곱창,서울특별시,영등포구,당산동6가,313-1
향원정,서울특별시,마포구,서교동,386-10
은하곱창,서울특별시,동대문구,전농동,295-48
목노집,서울시,은평구,대조동,197-2
백두한우곱창,서울특별시,강서구,등촌동,673-6
황주집,서울특별시,강북구,번동,463-45
형제한우곱창,서울특별시,마포구,합정동,387-8
종로곱육개장,서울특별시,종로구,관수동,12
곱 마포점,서울특별시,마포구,도화동,179-11
세광양대창 여의도점,서울시,영등포구,여의도동,44-22
신촌황소곱창,서울시,종로구,관철동,12-23
맛나곱창,서울시,성동구,홍익동,130-1
푸지미 곱창,서울특별시,강동구,성내동,42-5
당산원조곱창,서울특별시,영등포구,당산동5가,36
구로곱창,서울특별시,관악구,신림동,1644-6
맛집부추곱창,서울특별시,서초구,방배동,448-37
곰바위 본점,서울시,강남구,삼성동,76-10
구공탄곱창,서울특별시,광진구,능동,223-32
우월소곱창,서울특별시,구로구,신도림동,433-3
굴다리소곱창,서울시,용산구,청파동3가,48-4
압구정곱창,서울특별시,강남구,신사동,643-21
함지곱창전문 본점,서울특별시,강남구,논현동,144-5
곱창팩토리,서울특별시,영등포구,영등포동3가,7-25
홍곱창,서울특별시,동대문구,이문동,341-39
순곱이네 건대점,서울특별시,광진구,화양동,11-16
별양집,서울특별시,강남구,역삼동,700-33
대왕곱창,서울특별시,구로구,구로동,30-32
왕십리황소곱창,서울특별시,영등포구,영등포동,618-54
대갈 곱창앤막창,서울특별시,송파구,송파동,39-9
신촌황소곱창,서울특별시,서대문구,창천동,52-148
오마이양대창 마곡점,서울특별시,강서구,마곡동,773-1
별미곱창 본점,서울특별시,송파구,방이동,28-7
부산양곱창,서울특별시,송파구,잠실동,185
청춘구락부,서울시,마포구,용강동,50-4
곱 강남점,서울특별시,강남구,역삼동,830-31
구공탄곱창 홍대점,서울시,마포구,서교동,400-12
대낚식당,서울시,성동구,성수동2가,321-66
더베이커스테이블,서울특별시,용산구,이태원동,691
메종브리크,서울특별시,마포구,연남동,390-28
마우로아,서울특별시,광진구,중곡동,158-24
라망 시크레,서울특별시,중구,회현동1가,210
붓처스컷 광화문점,서울특별시,중구,태평로1가,84
어반가든 본점,서울시,중구,정동,28-2
밍글스,서울특별시,강남구,청담동,94-6
더 마고 그릴,서울특별시,서초구,반포동,19-3
알라프리마,서울특별시,강남구,논현동,42-6
아웃백 잠실점,서울특별시,송파구,송파동,15-1
헤비스테이크,서울특별시,종로구,청진동,216-1
탑 클라우드 23,서울시,마포구,공덕동,471
샤로스톤,서울특별시,동대문구,이문동,305-85
밴건디 스테이크하우스,서울특별시,서초구,반포동,94-14
워킹온더클라우드,서울특별시,영등포구,여의도동,60
어흥식당,서울특별시,동대문구,회기동,42-74
STAY,서울특별시,송파구,신천동,29
미도인 종로,서울특별시,종로구,종로2가,6
알라보 강남점,서울특별시,강남구,역삼동,648-9
Cuisson82,서울특별시,강남구,도곡동,453-16
미도인 파이낸스여의도점,서울,영등포구,여의도동,23-8
트로이카,서울시,용산구,이태원동,72-32
쨈지달,서울특별시,마포구,연남동,390-57
데블스도어 본점,서울특별시,서초구,반포동,118-6
더보일러스,서울특별시,용산구,한강로3가,3-23
평화남영,서울,용산구,남영동,64-1
아트몬스터 강남역점,서울특별시,강남구,역삼동,817-5
수도원,서울특별시,종로구,동숭동,50-11
바이젠하우스,서울특별시,서초구,방배동,443-5
핸드앤몰트 브루 랩,서울시,용산구,한강로2가,149
괜찮아사당이야,서울,서초구,방배동,448-8
더즌 오이스터,서울특별시,성동구,성수동1가,668-89
기와탭룸,서울특별시,종로구,소격동,158-4
세스크 멘슬,서울특별시,성동구,성수동2가,322-20
어메이징 브루잉 컴퍼니 성수점,서울특별시,성동구,성수동1가,27-12
락희옥 마포본점,서울특별시,마포구,공덕동,478
버티고,서울특별시,영등포구,여의도동,23
드므,서울특별시,중구,을지로3가,320-24
낙원스낵 왕십리 본점,서울특별시,성동구,행당동,4-13
데블스도어 코엑스점,서울특별시,강남구,삼성동,159
크래프트라인,서울특별시,관악구,남현동,1061-23
독립맥주공장,서울특별시,중구,정동,17-4
롱타임노씨,서울특별시,영등포구,당산동5가,32-5
십분의일,서울특별시,중구,저동2가,5-2
루프808,서울특별시,강남구,역삼동,808
어나더레벨,서울특별시,중구,을지로3가,320
나누리 잡화점,서울특별시,성동구,성수동2가,315-55
야야 논현점,서울특별시,강남구,논현동,165-19
어글리소사이어티,서울특별시,용산구,이태원동,66-3
칼리가리박사의밀실,서울특별시,종로구,내자동,24
너랑나랑호프,서울특별시,마포구,망원동,386-3
서울브루어리,서울특별시,마포구,합정동,368-10
29펍,서울특별시,강남구,역삼동,817-8
웨일스,서울특별시,노원구,공릉동,338-46
동묘 가라지,서울특별시,종로구,창신동,330-53
Projec D,서울특별시,중구,광희동2가,96
랜돌프 비어 송파,서울특별시,송파구,잠실동,208
구대륙,서울시,송파구,송파동,55-5
에일당,서울특별시,종로구,익선동,166-34
또보겠지떡볶이집 붕붕허니비점,서울특별시,마포구,동교동,153-3
애플하우스,서울특별시,동작구,사당동,138-4
신토불이 떡볶이,서울시,광진구,구의동,52-17
마복림 떡볶이,서울특별시,중구,신당동,292-112
빌라 드 스파이시 파미에스테이션점,서울특별시,서초구,반포동,118-3
악어떡볶이,서울특별시,성동구,행당동,3-27
마포원조떡볶이,서울특별시,마포구,도화동,345-4
맛있는집,서울특별시,서대문구,북가좌동,311-6
풍년쌀농산,서울특별시,종로구,화동,81-1
진미떡볶이,서울특별시,중구,신당동,52-33
쪼매매운떡볶이,서울특별시,노원구,공릉동,208-18
우정,서울특별시,중구,신당동,304-791
국미당,서울특별시,강남구,도곡동,955-12
슈퍼집,서울특별시,강남구,논현동,246-1
나누미 떡볶이,서울특별시,종로구,명륜2가,225
호호시스터점또떡 호호시스터점,서울특별시,마포구,서교동,396-32
모범떡볶이,서울특별시,강동구,길동,415-13
창화당,서울특별시,종로구,익선동,174
꾸러기분식,서울특별시,강동구,명일동,312-234
모꼬지에,서울시,송파구,송파동,195-1
바바라스 키친,서울특별시,용산구,한남동,685-13
해피치즈스마일 연남점,서울특별시,마포구,연남동,228-59
고기튀김,서울특별시,종로구,창신동,400-3
아이러브 신당동,서울특별시,중구,신당동,302-4
면동떡볶이,서울특별시,중랑구,면목동,552-4
골목 떡볶이,서울특별시,송파구,문정동,44
도산분식,서울특별시,강남구,신사동,652-7
다락떡볶이,서울특별시,마포구,도화동,340
제일분식,서울특별시,강북구,미아동,465-46
고양이부엌 목동점,서울특별시,양천구,목동,923-14
떡산,서울특별시,은평구,불광동,310-192
곤드레밥집,서울특별시,양천구,목동,917-9
맛있는집,서울특별시,마포구,망원동,411-28
봉쥬떡볶이,서울특별시,종로구,명륜2가,24-4
강가네 떡볶이,서울시,종로구,종로4가,188
신세계떡볶이,서울,중구,명동1가,26-1
민들레떡볶이,서울특별시,강남구,역삼동,669-16
미림분식,서울특별시,관악구,신림동,298-3
작은공간,서울특별시,강남구,도곡동,950-5
현선이네 용산본점,서울특별시,용산구,한강로2가,305-1
떡판왕,서울특별시,강남구,삼성동,143-37
아찌떡볶이,서울특별시,광진구,화양동,34-5
오늘은즉떡,서울특별시,영등포구,여의도동,25-3
또보겠지떡볶이집 몽글몽글청계점,서울특별시,종로구,관철동,6-4
전주전집,서울시,동작구,사당동,1032-1
느린마을 양조장,서울특별시,서초구,서초동,1316-28
박가네 빈대떡,서울특별시,종로구,종로5가,138-10
흥부전놀부전,서울특별시,강북구,수유동,221-55
우이락,서울특별시,마포구,망원동,411-21
영원식당,서울특별시,영등포구,여의도동,21-3
꽃피는산골,서울특별시,종로구,인사동,232
서교주담,서울특별시,마포구,서교동,397-15
정작가의막걸리집,서울특별시,동작구,사당동,84-10
묵전,서울시,강남구,신사동,645-11
솟대 양조장,서울특별시,관악구,신림동,1637-7
열차집,서울특별시,종로구,공평동,130-1
산울림1992,서울특별시,마포구,창전동,5-138
왕대박지지미촌,서울특별시,중구,회현동1가,194-47
순희네 빈대떡,서울특별시,종로구,종로5가,138-9
전사랑,서울특별시,서초구,서초동,1359-9
전주전통막걸리,서울특별시,서초구,서초동,1302-52
소문난경북집,서울특별시,종로구,관수동,4-3
남도반주,서울특별시,관악구,봉천동,1613-5
이모네왕파전,서울특별시,동대문구,휘경동,334-13
락희옥 을지로점,서울특별시,중구,을지로2가,101-11
고래아방,서울특별시,양천구,목동,917-9
대홍집,서울특별시,송파구,잠실동,192-3
두두,서울특별시,종로구,동숭동,1-91
남산도담,서울특별시,중구,충무로3가,28-2
도연하다,서울특별시,강남구,도곡동,514-4
민들레처럼,서울특별시,종로구,동숭동,25-10
백곰막걸리,서울특별시,강남구,신사동,657-7
체부동잔치집 통인시장점,서울특별시,종로구,통인동,95-1
강가네맷돌빈대떡,서울특별시,용산구,한남동,641-9
마포나루 아크로점,서울특별시,마포구,도화동,563
동구식당,서울특별시,성동구,성수동2가,302-36
한성칼국수 논현점,서울특별시,강남구,논현동,98-12
소담채,서울시,서초구,원지동,419-1
할머니왕파전,서울특별시,동작구,노량진1동,119-178
르프리크,서울특별시,성동구,성수동2가,302-8
다운타우너 한남,서울특별시,용산구,한남동,684-77
제스티 살룬 성수,서울특별시,성동구,성수동1가,668-30
소금집 델리 안국점,서울특별시,종로구,계동,101-12
다운타우너 청담점,서울특별시,강남구,신사동,666-25
브루클린더버거조인트 가로수길점,서울특별시,강남구,신사동,540-11
다운타우너,서울특별시,송파구,송파동,46-4
더백푸드트럭,서울특별시,용산구,후암동,406-55
다운타우너 안국점,서울특별시,종로구,재동,85-3
브루클린 더버거 조인트,서울특별시,강남구,삼성동,146-23
바스버거,서울특별시,강남구,역삼동,736-55
쉑쉑버거 강남대로점,서울특별시,서초구,서초동,1306-5
제레미버거,서울특별시,강남구,도곡동,959-21
르프리크 캐주얼 더현대서울,서울특별시,영등포구,여의도동,22
미스피츠,서울특별시,동작구,사당동,1032-48
고든램지 버거,서울특별시,송파구,신천동,29
브루클린더버거조인트,서울특별시,서초구,반포동,78-12
BOON THE BURGER,서울특별시,강동구,성내동,21-1
크라이치즈버거 삼성역점,서울특별시,강남구,대치동,996-17
자코비버거,서울특별시,용산구,용산동2가,45-6
양키스 버거앤피자,서울특별시,영등포구,문래동3가,58-75
더백테라스 신용산역점,서울특별시,용산구,한강로2가,147
제스티살룬 연남,서울특별시,마포구,연남동,383-93
나인온스버거,서울특별시,관악구,봉천동,1625-1
브루클린 더 버거 조인트 여의도점,서울특별시,영등포구,여의도동,23-10
크라이치즈버거 양재역점,서울특별시,서초구,서초동,1358-8
바스버거 후암점,서울특별시,용산구,동자동,23-30
버거파크 혜화점,서울특별시,종로구,명륜4가,101-2
쉐이크쉑 센트럴시티점,서울특별시,서초구,반포동,19-3
리버타운 버거,서울특별시,영등포구,문래동5가,10
SOUL BUCKET,서울특별시,서초구,서초동,1578-4
침스버거,서울특별시,용산구,한강로2가,71
스탠바이키친,서울특별시,서대문구,대신동,91-15
원스타 올드패션드 햄버거,서울특별시,강남구,도곡동,424-11
롸카두들 내쉬빌 핫치킨 이태원점,서울특별시,용산구,이태원동,449-1
노스트레스버거,서울특별시,용산구,용산동2가,24-17
엘더버거,서울특별시,성동구,성수동1가,668-124
회기버거,서울,동대문구,휘경동,183-243
탬파 압구정점,서울특별시,강남구,신사동,635-4
번패티번 더현대서울점,서울특별시,영등포구,여의도동,22
바스버거 광화문점,서울특별시,중구,무교동,11
자이온,서울특별시,강서구,염창동,273-30
버거드조선,서울특별시,종로구,내자동,147
바스버거 마곡점,서울특별시,강서구,마곡동,796-3
버거투버거,서울특별시,노원구,하계동,59
브루클린더버거조인트 롯데월드몰점,서울시,송파구,신천동,29
이치류 홍대본점,서울특별시,마포구,서교동,395-124
경성양육관,서울특별시,광진구,자양동,11-12
대흥양다리바베큐 건대점,서울특별시,광진구,자양동,6-20
브라이 리퍼블릭,서울특별시,용산구,이태원동,63-4
매화반점 본점,서울특별시,광진구,자양동,4-11
7일간의양심,서울특별시,노원구,공릉동,386-6
양국,서울특별시,강남구,역삼동,643-3
이스탄불그릴,서울특별시,마포구,공덕동,476
이가네양꼬치,서울특별시,서초구,양재동,316-1
양가식당,서울특별시,강남구,대치동,896-6
고메램 강남점,서울시,서초구,서초동,1328-11
해중천 반점,서울특별시,강동구,성내동,38-3
논현양꼬치,서울특별시,강남구,논현동,138-22
송화양꼬치,서울특별시,광진구,자양동,11-2
버터램,서울특별시,송파구,문정동,74-3
성민양꼬치,서울특별시,서초구,방배동,449-4
성민양꼬치 잠실점,서울특별시,송파구,방이동,68-6
그릴도하,서울특별시,용산구,한남동,682-1
성수동 양갈비,서울특별시,성동구,성수동2가,299-233
용산양꼬치,서울특별시,용산구,한강로1가,256
동북화과왕,서울시,종로구,창신동,463-1
화양연가,서울시,용산구,남영동,89-5
일품각,서울특별시,강남구,역삼동,818-4
야스노야,서울특별시,용산구,후암동,251-15
혜화양육관,서울특별시,종로구,명륜4가,36-1
미쓰양꼬치,서울특별시,강남구,대치동,897-27
징기스 영등포점,서울특별시,영등포구,영등포동3가,11-5
램랜드,서울시,마포구,용강동,494-32
라무진,서울특별시,영등포구,여의도동,45-19
종로양꼬치,서울특별시,종로구,관철동,13-7
촨커,서울특별시,동대문구,이문동,349-11
두만강샤브샤브,서울특별시,관악구,봉천동,1627-2
로향양꼬치,서울특별시,관악구,봉천동,1601-10
옥면가,서울,마포구,염리동,159-5
가양양꼬치,서울특별시,노원구,상계동,323-29
중국소흘,서울특별시,은평구,불광동,311-12
램시티,서울특별시,강서구,마곡동,795-5
히츠지야4.5,서울특별시,마포구,연남동,229-55
효뜨,서울시,용산구,한강로2가,73-3
루나씨엘로,서울특별시,마포구,연남동,381-5
세븐티포 비스트로,서울특별시,중구,명동2가,1-1
우기식당 육지점,서울특별시,강남구,논현동,144-8
몰또 이탈리안 에스프레소바,서울특별시,중구,명동1가,1-3
맥심플랜트,서울특별시,용산구,한남동,683-140
두채,서울시,종로구,연건동,269
라오삐약 신용산점,서울,용산구,한강로2가,107-3
달링키친 가로수점,서울특별시,강남구,신사동,546-18
미에뜨,서울특별시,강남구,도곡동,454-9
와이키키마켓,서울특별시,마포구,상암동,1537-2
체다앤올리,서울특별시,성동구,성수동1가,685-696
심세정,서울특별시,중구,흥인동,88
한남작업실,서울특별시,용산구,한남동,745-2
코레아노스 키친 녹사평점,서울특별시,용산구,이태원동,457-3
오징어풍경,서울특별시,강남구,대치동,897-27
명금탕,서울특별시,은평구,진관동,205-6
비아메렝게,서울특별시,서대문구,창천동,45-9
콘하스,서울특별시,마포구,동교동,147-5
포옹남,서울특별시,마포구,신수동,81-30
땡스오트 연남,서울특별시,마포구,연남동,375-113
로우루프,서울특별시,종로구,가회동,175-2
한남 베르그,서울시,용산구,한남동,683-76
아담스타코,서울특별시,용산구,용산동2가,45-4
이태리차차,서울,성동구,성수동1가,16-25
꽁티드툴레아,서울특별시,강남구,신사동,646-21
카페 산아래,서울특별시,강북구,우이동,217-1
스태픽스,서울특별시,종로구,필운동,32-33
르풀,서울시,중구,정동,1-28
갓잇,서울특별시,송파구,송파동,37-6
멕시칼리,서울특별시,광진구,능동,256-8
버뮤다삼각지,서울특별시,용산구,한강로2가,24-5
이터스 롯데월드몰점,서울특별시,송파구,신천동,29
온더보더 여의도IFC점,서울특별시,영등포구,여의도동,23
비야게레로,서울특별시,강남구,삼성동,118-21
올라아보 용산아이파크몰점,서울특별시,용산구,한강로3가,40-999
갓잇,서울특별시,강동구,성내동,446-22
온더보더 코엑스도심공항점,서울특별시,강남구,삼성동,159-6
바토스 롯데백화점 잠실점,서울특별시,송파구,잠실동,40-1
호세가,서울시,금천구,가산동,145-13
바토스 파르나스몰점,서울특별시,강남구,삼성동,159-8
고부기,서울,종로구,동숭동,50-42
온더보더 롯데월드몰점,서울특별시,송파구,신천동,29
감성타코,서울특별시,광진구,화양동,10-1
감성타코 광화문점,서울특별시,종로구,내수동,73
퀸즈 블러바드,서울특별시,강남구,도곡동,414-11
퍼블리코 타코,서울특별시,관악구,봉천동,1626-12
쿠차라 종로점,서울시,종로구,청진동,70
멕시코식당,서울,마포구,합정동,366-7
올라아보 이수본점,서울특별시,동작구,사당동,147-29
갓잇 연남점,서울,마포구,연남동,240-2
낙원타코 용산아이파크몰점,서울특별시,용산구,한강로3가,40-999
도스 타코스 서울대입구역점,서울특별시,관악구,봉천동,855-10
갓잇 안국점,서울특별시,종로구,재동,84-30
쿠차라 삼성서초사옥점,서울특별시,서초구,서초동,1320-10
온더보더 현대디큐브시티점,서울,구로구,신도림동,692
온더보더 롯데몰김포공항점,서울특별시,강서구,방화동,886
감성타코 합정점,서울특별시,마포구,합정동,473
감성타코,서울특별시,강남구,신사동,523-16
쿠차라 타임스퀘어점,서울특별시,영등포구,영등포동4가,442
감성타코 강남역점,서울특별시,강남구,역삼동,820-9
La Cruda,서울특별시,용산구,한남동,683-68
온더보더 광화문D타워점,서울특별시,종로구,청진동,246
만족오향족발,서울특별시,중구,태평로2가,318-1
화곡영양족발,서울특별시,강서구,화곡동,98-154
신도림 참족발,서울특별시,구로구,신도림동,337
허브족발,서울특별시,영등포구,당산동6가,302
성수족발,서울시,성동구,성수동2가,289-273
회기왕족발,서울특별시,동대문구,회기동,45-52
오목집,서울특별시,양천구,목동,917
평안도 족발집,서울특별시,중구,장충동1가,62-16
그믐족발,서울특별시,영등포구,문래동2가,48-6
마포 오향족발,서울특별시,마포구,공덕동,256-10
여신족발,서울특별시,금천구,가산동,44-1
초원족발,서울특별시,강남구,삼성동,157-15
한양왕족발,서울시,서초구,방배,2동
창신동매운족발,서울특별시,종로구,창신동,581-5
뚱뚱이할머니집 본점,서울특별시,중구,장충동1가,62-10
홍능족발 왕십리,서울특별시,성동구,행당동,287-15
족발선생,서울특별시,강동구,천호동,415-27
오목집 시청점,서울특별시,중구,북창동,60
탐탐오향족발,서울특별시,마포구,서교동,328-69
밀각,서울특별시,송파구,가락동,80
도니족발,서울특별시,송파구,송파동,7-12
장군족발보쌈 본점,서울특별시,종로구,낙원동,49
홍능족발,서울특별시,동대문구,청량리동,311
그때그집,서울특별시,강남구,대치동,957-32
오목집 마포점,서울특별시,마포구,도화동,194-22
영동족발 방이점,서울특별시,송파구,방이동,64-3
이필당,서울특별시,영등포구,양평동4가,77-3
오목집 광화문점,서울특별시,종로구,공평동,125-1
영동족발 본점,서울시,서초구,양재동,1-4
여진족,서울특별시,서초구,방배동,451-5
조옥당,서울특별시,중구,신당동,377-143
창신동매운족발 석계점,서울특별시,성북구,석관동,131-10
꿀단지 성신여대점,서울특별시,성북구,동선동1가,85-79
와글와글 족발,서울시,종로구,창신동,573-1
오목집 당산점,서울특별시,영등포구,당산동6가,313-1
수향가 사당직영점,서울특별시,서초구,방배동,446-5
보들이 족발,서울특별시,은평구,대조동,185-43
팔당족발,서울특별시,강남구,논현동,116-3
교대평상집,서울특별시,서초구,서초동,1571-18
오목집 한티점,서울특별시,강남구,대치동,936-18
